--
-- PostgreSQL database dump
--

-- Dumped from database version 17.0 (DBngin.app)
-- Dumped by pg_dump version 17.5 (Homebrew)

SET statement_timeout = 0;
SET lock_timeout = 0;
SET idle_in_transaction_session_timeout = 0;
SET transaction_timeout = 0;
SET client_encoding = 'UTF8';
SET standard_conforming_strings = on;
SELECT pg_catalog.set_config('search_path', '', false);
SET check_function_bodies = false;
SET xmloption = content;
SET client_min_messages = warning;
SET row_security = off;

SET default_tablespace = '';

SET default_table_access_method = heap;

--
-- Name: AncillaryServices; Type: TABLE; Schema: public; Owner: postgres
--

CREATE TABLE public."AncillaryServices" (
    "Id" integer NOT NULL,
    "Name" character varying(100) NOT NULL,
    "Description" character varying(500) NOT NULL,
    "Fee" numeric(10,2) NOT NULL,
    "Unit" character varying(50) NOT NULL,
    "IsActive" boolean NOT NULL
);


ALTER TABLE public."AncillaryServices" OWNER TO postgres;

--
-- Name: AncillaryServices_Id_seq; Type: SEQUENCE; Schema: public; Owner: postgres
--

ALTER TABLE public."AncillaryServices" ALTER COLUMN "Id" ADD GENERATED BY DEFAULT AS IDENTITY (
    SEQUENCE NAME public."AncillaryServices_Id_seq"
    START WITH 1
    INCREMENT BY 1
    NO MINVALUE
    NO MAXVALUE
    CACHE 1
);


--
-- Name: AuditLogs; Type: TABLE; Schema: public; Owner: postgres
--

CREATE TABLE public."AuditLogs" (
    "Id" integer NOT NULL,
    "UserId" integer,
    "Action" character varying(100) NOT NULL,
    "EntityType" character varying(100) NOT NULL,
    "EntityId" character varying(50) NOT NULL,
    "Details" character varying(2000) NOT NULL,
    "IpAddress" character varying(45) NOT NULL,
    "Timestamp" timestamp without time zone NOT NULL
);


ALTER TABLE public."AuditLogs" OWNER TO postgres;

--
-- Name: AuditLogs_Id_seq; Type: SEQUENCE; Schema: public; Owner: postgres
--

ALTER TABLE public."AuditLogs" ALTER COLUMN "Id" ADD GENERATED BY DEFAULT AS IDENTITY (
    SEQUENCE NAME public."AuditLogs_Id_seq"
    START WITH 1
    INCREMENT BY 1
    NO MINVALUE
    NO MAXVALUE
    CACHE 1
);


--
-- Name: BookingRooms; Type: TABLE; Schema: public; Owner: postgres
--

CREATE TABLE public."BookingRooms" (
    "BookingId" integer NOT NULL,
    "RoomId" integer NOT NULL,
    "PriceAtBooking" numeric(10,2) NOT NULL
);


ALTER TABLE public."BookingRooms" OWNER TO postgres;

--
-- Name: BookingServices; Type: TABLE; Schema: public; Owner: postgres
--

CREATE TABLE public."BookingServices" (
    "Id" integer NOT NULL,
    "BookingId" integer NOT NULL,
    "ServiceId" integer NOT NULL,
    "Quantity" integer NOT NULL,
    "ServiceDate" timestamp without time zone NOT NULL,
    "TotalFee" numeric(10,2) NOT NULL
);


ALTER TABLE public."BookingServices" OWNER TO postgres;

--
-- Name: BookingServices_Id_seq; Type: SEQUENCE; Schema: public; Owner: postgres
--

ALTER TABLE public."BookingServices" ALTER COLUMN "Id" ADD GENERATED BY DEFAULT AS IDENTITY (
    SEQUENCE NAME public."BookingServices_Id_seq"
    START WITH 1
    INCREMENT BY 1
    NO MINVALUE
    NO MAXVALUE
    CACHE 1
);


--
-- Name: Bookings; Type: TABLE; Schema: public; Owner: postgres
--

CREATE TABLE public."Bookings" (
    "Id" integer NOT NULL,
    "GuestId" integer NOT NULL,
    "HotelId" integer NOT NULL,
    "CheckInDate" timestamp without time zone NOT NULL,
    "CheckOutDate" timestamp without time zone NOT NULL,
    "Status" text NOT NULL,
    "TotalAmount" numeric(10,2) NOT NULL,
    "CancellationFee" numeric(10,2) NOT NULL,
    "Notes" character varying(1000) NOT NULL,
    "CreatedAt" timestamp without time zone NOT NULL,
    "CreatedByStaffId" integer,
    "GuestCount" integer DEFAULT 1 NOT NULL
);


ALTER TABLE public."Bookings" OWNER TO postgres;

--
-- Name: Bookings_Id_seq; Type: SEQUENCE; Schema: public; Owner: postgres
--

ALTER TABLE public."Bookings" ALTER COLUMN "Id" ADD GENERATED BY DEFAULT AS IDENTITY (
    SEQUENCE NAME public."Bookings_Id_seq"
    START WITH 1
    INCREMENT BY 1
    NO MINVALUE
    NO MAXVALUE
    CACHE 1
);


--
-- Name: Hotels; Type: TABLE; Schema: public; Owner: postgres
--

CREATE TABLE public."Hotels" (
    "Id" integer NOT NULL,
    "Name" character varying(200) NOT NULL,
    "City" character varying(100) NOT NULL,
    "Country" character varying(100) NOT NULL,
    "Address" character varying(500) NOT NULL,
    "Phone" character varying(30) NOT NULL,
    "Email" character varying(200) NOT NULL,
    "IsActive" boolean NOT NULL,
    "ImageUrl" text
);


ALTER TABLE public."Hotels" OWNER TO postgres;

--
-- Name: Hotels_Id_seq; Type: SEQUENCE; Schema: public; Owner: postgres
--

ALTER TABLE public."Hotels" ALTER COLUMN "Id" ADD GENERATED BY DEFAULT AS IDENTITY (
    SEQUENCE NAME public."Hotels_Id_seq"
    START WITH 1
    INCREMENT BY 1
    NO MINVALUE
    NO MAXVALUE
    CACHE 1
);


--
-- Name: InvoiceLineItems; Type: TABLE; Schema: public; Owner: postgres
--

CREATE TABLE public."InvoiceLineItems" (
    "Id" integer NOT NULL,
    "InvoiceId" integer NOT NULL,
    "Description" character varying(200) NOT NULL,
    "Quantity" integer NOT NULL,
    "UnitPrice" numeric(10,2) NOT NULL,
    "LineTotal" numeric(10,2) NOT NULL
);


ALTER TABLE public."InvoiceLineItems" OWNER TO postgres;

--
-- Name: InvoiceLineItems_Id_seq; Type: SEQUENCE; Schema: public; Owner: postgres
--

ALTER TABLE public."InvoiceLineItems" ALTER COLUMN "Id" ADD GENERATED BY DEFAULT AS IDENTITY (
    SEQUENCE NAME public."InvoiceLineItems_Id_seq"
    START WITH 1
    INCREMENT BY 1
    NO MINVALUE
    NO MAXVALUE
    CACHE 1
);


--
-- Name: Invoices; Type: TABLE; Schema: public; Owner: postgres
--

CREATE TABLE public."Invoices" (
    "Id" integer NOT NULL,
    "BookingId" integer NOT NULL,
    "InvoiceNumber" character varying(50) NOT NULL,
    "IssuedAt" timestamp without time zone NOT NULL,
    "Subtotal" numeric(10,2) NOT NULL,
    "TaxAmount" numeric(10,2) NOT NULL,
    "TotalAmount" numeric(10,2) NOT NULL
);


ALTER TABLE public."Invoices" OWNER TO postgres;

--
-- Name: Invoices_Id_seq; Type: SEQUENCE; Schema: public; Owner: postgres
--

ALTER TABLE public."Invoices" ALTER COLUMN "Id" ADD GENERATED BY DEFAULT AS IDENTITY (
    SEQUENCE NAME public."Invoices_Id_seq"
    START WITH 1
    INCREMENT BY 1
    NO MINVALUE
    NO MAXVALUE
    CACHE 1
);


--
-- Name: PasswordResetTokens; Type: TABLE; Schema: public; Owner: postgres
--

CREATE TABLE public."PasswordResetTokens" (
    "Id" integer NOT NULL,
    "UserId" integer NOT NULL,
    "TokenHash" character varying(100) NOT NULL,
    "ExpiresAt" timestamp without time zone NOT NULL,
    "IsUsed" boolean DEFAULT false NOT NULL,
    "CreatedAt" timestamp without time zone NOT NULL
);


ALTER TABLE public."PasswordResetTokens" OWNER TO postgres;

--
-- Name: PasswordResetTokens_Id_seq; Type: SEQUENCE; Schema: public; Owner: postgres
--

ALTER TABLE public."PasswordResetTokens" ALTER COLUMN "Id" ADD GENERATED BY DEFAULT AS IDENTITY (
    SEQUENCE NAME public."PasswordResetTokens_Id_seq"
    START WITH 1
    INCREMENT BY 1
    NO MINVALUE
    NO MAXVALUE
    CACHE 1
);


--
-- Name: Payments; Type: TABLE; Schema: public; Owner: postgres
--

CREATE TABLE public."Payments" (
    "Id" integer NOT NULL,
    "BookingId" integer NOT NULL,
    "Amount" numeric(10,2) NOT NULL,
    "Method" text NOT NULL,
    "Status" text NOT NULL,
    "TransactionRef" character varying(100) NOT NULL,
    "ProcessedAt" timestamp without time zone NOT NULL,
    "ProcessedByStaffId" integer
);


ALTER TABLE public."Payments" OWNER TO postgres;

--
-- Name: Payments_Id_seq; Type: SEQUENCE; Schema: public; Owner: postgres
--

ALTER TABLE public."Payments" ALTER COLUMN "Id" ADD GENERATED BY DEFAULT AS IDENTITY (
    SEQUENCE NAME public."Payments_Id_seq"
    START WITH 1
    INCREMENT BY 1
    NO MINVALUE
    NO MAXVALUE
    CACHE 1
);


--
-- Name: Rooms; Type: TABLE; Schema: public; Owner: postgres
--

CREATE TABLE public."Rooms" (
    "Id" integer NOT NULL,
    "HotelId" integer NOT NULL,
    "RoomNumber" character varying(10) NOT NULL,
    "Type" text NOT NULL,
    "Capacity" integer NOT NULL,
    "PriceOffPeak" numeric(10,2) NOT NULL,
    "PricePeak" numeric(10,2) NOT NULL,
    "Status" text NOT NULL,
    "Description" character varying(1000) NOT NULL,
    "FloorNumber" integer NOT NULL,
    "ImageUrl" text
);


ALTER TABLE public."Rooms" OWNER TO postgres;

--
-- Name: Rooms_Id_seq; Type: SEQUENCE; Schema: public; Owner: postgres
--

ALTER TABLE public."Rooms" ALTER COLUMN "Id" ADD GENERATED BY DEFAULT AS IDENTITY (
    SEQUENCE NAME public."Rooms_Id_seq"
    START WITH 1
    INCREMENT BY 1
    NO MINVALUE
    NO MAXVALUE
    CACHE 1
);


--
-- Name: Users; Type: TABLE; Schema: public; Owner: postgres
--

CREATE TABLE public."Users" (
    "Id" integer NOT NULL,
    "Email" character varying(200) NOT NULL,
    "PasswordHash" character varying(500) NOT NULL,
    "Role" text NOT NULL,
    "FailedLoginAttempts" integer NOT NULL,
    "IsLocked" boolean NOT NULL,
    "LockedUntil" timestamp without time zone,
    "LastPasswordChange" timestamp without time zone NOT NULL,
    "CreatedAt" timestamp without time zone NOT NULL,
    "UserType" character varying(5) NOT NULL,
    "GuestUser_FirstName" text,
    "GuestUser_LastName" text,
    "Phone" text,
    "Address" text,
    "FirstName" text,
    "LastName" text,
    "EmployeeId" text,
    "Department" text,
    "IsActive" boolean DEFAULT true NOT NULL,
    "CanManageMedia" boolean DEFAULT false
);


ALTER TABLE public."Users" OWNER TO postgres;

--
-- Name: Users_Id_seq; Type: SEQUENCE; Schema: public; Owner: postgres
--

ALTER TABLE public."Users" ALTER COLUMN "Id" ADD GENERATED BY DEFAULT AS IDENTITY (
    SEQUENCE NAME public."Users_Id_seq"
    START WITH 1
    INCREMENT BY 1
    NO MINVALUE
    NO MAXVALUE
    CACHE 1
);


--
-- Name: __EFMigrationsHistory; Type: TABLE; Schema: public; Owner: postgres
--

CREATE TABLE public."__EFMigrationsHistory" (
    "MigrationId" character varying(150) NOT NULL,
    "ProductVersion" character varying(32) NOT NULL
);


ALTER TABLE public."__EFMigrationsHistory" OWNER TO postgres;

--
-- Data for Name: AncillaryServices; Type: TABLE DATA; Schema: public; Owner: postgres
--

COPY public."AncillaryServices" ("Id", "Name", "Description", "Fee", "Unit", "IsActive") FROM stdin;
1	Airport Transfer	Private car transfer to or from the nearest international airport.	75.00	per booking	t
2	Breakfast Package	Full buffet breakfast for two, served at the hotel restaurant.	45.00	per day	t
3	Spa & Wellness Treatment	60-minute signature massage and access to the wellness suite.	150.00	per session	t
4	In-Room Dining — Dinner	Three-course dinner delivered to your room, prepared by our chef.	90.00	per person	t
5	Guided City Tour	Half-day guided tour of local cultural sites with a hotel concierge.	60.00	per person	t
6	Late Check-out	Extend your stay until 18:00 (subject to availability).	50.00	per booking	t
\.


--
-- Data for Name: AuditLogs; Type: TABLE DATA; Schema: public; Owner: postgres
--

COPY public."AuditLogs" ("Id", "UserId", "Action", "EntityType", "EntityId", "Details", "IpAddress", "Timestamp") FROM stdin;
1	3	Login	User	3	Successful login.	127.0.0.1	2026-05-20 16:26:47.935123
2	4	Login	User	4	Successful login.	127.0.0.1	2026-05-20 16:27:51.49882
3	1	Login	User	1	Successful login.	127.0.0.1	2026-05-20 16:29:06.216137
\.


--
-- Data for Name: BookingRooms; Type: TABLE DATA; Schema: public; Owner: postgres
--

COPY public."BookingRooms" ("BookingId", "RoomId", "PriceAtBooking") FROM stdin;
1	3	285.00
2	6	140.00
3	15	510.00
4	26	660.00
5	27	730.00
6	27	730.00
\.


--
-- Data for Name: BookingServices; Type: TABLE DATA; Schema: public; Owner: postgres
--

COPY public."BookingServices" ("Id", "BookingId", "ServiceId", "Quantity", "ServiceDate", "TotalFee") FROM stdin;
1	1	1	2	2026-06-05 00:00:00	150.00
2	1	2	2	2026-06-06 00:00:00	90.00
3	2	1	2	2026-05-19 00:00:00	150.00
4	3	3	2	2026-04-16 00:00:00	300.00
5	3	5	2	2026-04-17 00:00:00	120.00
6	4	2	2	2026-05-25 00:00:00	90.00
\.


--
-- Data for Name: Bookings; Type: TABLE DATA; Schema: public; Owner: postgres
--

COPY public."Bookings" ("Id", "GuestId", "HotelId", "CheckInDate", "CheckOutDate", "Status", "TotalAmount", "CancellationFee", "Notes", "CreatedAt", "CreatedByStaffId", "GuestCount") FROM stdin;
1	1	1	2026-06-05 00:00:00	2026-06-09 00:00:00	Confirmed	1140.00	0.00	Guest requested early check-in.	2026-05-17 00:00:00	\N	1
2	2	2	2026-05-19 00:00:00	2026-05-23 00:00:00	CheckedIn	560.00	0.00	Connecting room requested.	2026-05-10 00:00:00	\N	1
3	1	3	2026-04-15 00:00:00	2026-04-20 00:00:00	CheckedOut	2550.00	0.00	Family trip — extra rollaway bed added on arrival.	2026-03-31 00:00:00	\N	1
4	2	6	2026-05-25 00:00:00	2026-05-30 00:00:00	Cancelled	3300.00	660.00	Cancelled within 14-day window; one-night fee retained.	2026-05-06 00:00:00	\N	1
5	1	6	2026-05-20 00:00:00	2026-05-28 00:00:00	Confirmed	5840.00	0.00		2026-05-20 16:29:53.415365	\N	2
6	1	6	2026-05-28 00:00:00	2026-06-18 00:00:00	Confirmed	15330.00	0.00		2026-05-20 16:40:22.577829	\N	1
\.


--
-- Data for Name: Hotels; Type: TABLE DATA; Schema: public; Owner: postgres
--

COPY public."Hotels" ("Id", "Name", "City", "Country", "Address", "Phone", "Email", "IsActive", "ImageUrl") FROM stdin;
1	Grand Plaza Sunset Reef Hotel	Maafushi	Maldives	Maafushi Island, Kaafu Atoll, Maldives	+960 400 1002	sunsetreef@grandplaza.mv	t	https://images.unsplash.com/photo-1571003123894-1f0594d2b5d9?w=1200&q=80&fit=crop
2	Grand Plaza Coconut Breeze Hotel	Addu City	Maldives	Hithadhoo, Addu Atoll (Seenu), Maldives	+960 400 1003	coconutbreeze@grandplaza.mv	t	https://images.unsplash.com/photo-1520250497591-112f2f40a3f4?w=1200&q=80&fit=crop
3	Grand Plaza Pearl Sands Hotel	Dhigurah	Maldives	Dhigurah Island, South Ari Atoll, Maldives	+960 400 1004	pearlsands@grandplaza.mv	t	https://images.unsplash.com/photo-1566073771259-6a8506099945?w=1200&q=80&fit=crop
4	Grand Plaza Coral Tide Hotel	Dhidhdhoo	Maldives	Dhidhdhoo Island, Haa Alif Atoll, Maldives	+960 400 1005	coraltide@grandplaza.mv	t	https://images.unsplash.com/photo-1551882547-ff40c63fe5fa?w=1200&q=80&fit=crop
5	Grand Plaza Equator Sands Hotel	Fuvahmulah	Maldives	Fuvahmulah Island, Gnaviyani Atoll, Maldives	+960 400 1006	equatorsands@grandplaza.mv	t	https://images.unsplash.com/photo-1542314831-068cd1dbfeeb?w=1200&q=80&fit=crop
6	Grand Plaza Azure Lagoon Hotel	Male	Maldives	North Malé Atoll (Kaafu), Maldives	+960 400 1001	azurelagoon@grandplaza.mv	t	https://images.unsplash.com/photo-1582719478250-c89cae4dc85b?w=1200&q=80&fit=crop
7	Grand Plaza Manta Bay Hotel	Hanifaru Bay	Maldives	Baa Atoll, UNESCO Biosphere Reserve, Maldives	+960 400 1007	mantabay@grandplaza.mv	t	https://images.unsplash.com/photo-1578683010236-d716f9a3f461?w=1200&q=80&fit=crop
\.


--
-- Data for Name: InvoiceLineItems; Type: TABLE DATA; Schema: public; Owner: postgres
--

COPY public."InvoiceLineItems" ("Id", "InvoiceId", "Description", "Quantity", "UnitPrice", "LineTotal") FROM stdin;
\.


--
-- Data for Name: Invoices; Type: TABLE DATA; Schema: public; Owner: postgres
--

COPY public."Invoices" ("Id", "BookingId", "InvoiceNumber", "IssuedAt", "Subtotal", "TaxAmount", "TotalAmount") FROM stdin;
\.


--
-- Data for Name: PasswordResetTokens; Type: TABLE DATA; Schema: public; Owner: postgres
--

COPY public."PasswordResetTokens" ("Id", "UserId", "TokenHash", "ExpiresAt", "IsUsed", "CreatedAt") FROM stdin;
\.


--
-- Data for Name: Payments; Type: TABLE DATA; Schema: public; Owner: postgres
--

COPY public."Payments" ("Id", "BookingId", "Amount", "Method", "Status", "TransactionRef", "ProcessedAt", "ProcessedByStaffId") FROM stdin;
\.


--
-- Data for Name: Rooms; Type: TABLE DATA; Schema: public; Owner: postgres
--

COPY public."Rooms" ("Id", "HotelId", "RoomNumber", "Type", "Capacity", "PriceOffPeak", "PricePeak", "Status", "Description", "FloorNumber", "ImageUrl") FROM stdin;
1	1	101	StandardDouble	2	140.00	195.00	Available	Comfortable standard room with ocean-inspired interior design and a private balcony.	1	https://images.unsplash.com/photo-1631049307264-da0ec9d70304?w=800&q=80&fit=crop
2	1	102	StandardDouble	2	165.00	225.00	Available	Ocean-view standard room with king bed, rainfall shower, and in-room espresso machine.	1	https://images.unsplash.com/photo-1631049307264-da0ec9d70304?w=800&q=80&fit=crop
3	1	201	DeluxeKing	2	285.00	385.00	Available	Spacious deluxe room with premium amenities, panoramic sea views, and a deep-soak bathtub.	2	https://images.unsplash.com/photo-1590490360182-c33d57733427?w=800&q=80&fit=crop
4	1	202	DeluxeKing	2	325.00	430.00	Cleaning	Deluxe sunset-facing room with lounge area, minibar, and a private soaking tub.	2	https://images.unsplash.com/photo-1590490360182-c33d57733427?w=800&q=80&fit=crop
5	1	301	FamilySuite	4	510.00	665.00	Available	Two-bedroom family suite with a private living area, kitchenette, and partial ocean view.	3	https://images.unsplash.com/photo-1591088398332-8a7791972843?w=800&q=80&fit=crop
6	2	101	StandardDouble	2	140.00	195.00	Available	Comfortable standard room with ocean-inspired interior design and a private balcony.	1	https://images.unsplash.com/photo-1631049307264-da0ec9d70304?w=800&q=80&fit=crop
7	2	102	StandardDouble	2	165.00	225.00	Available	Ocean-view standard room with king bed, rainfall shower, and in-room espresso machine.	1	https://images.unsplash.com/photo-1631049307264-da0ec9d70304?w=800&q=80&fit=crop
8	2	201	DeluxeKing	2	285.00	385.00	Available	Spacious deluxe room with premium amenities, panoramic sea views, and a deep-soak bathtub.	2	https://images.unsplash.com/photo-1590490360182-c33d57733427?w=800&q=80&fit=crop
9	2	202	DeluxeKing	2	325.00	430.00	Cleaning	Deluxe sunset-facing room with lounge area, minibar, and a private soaking tub.	2	https://images.unsplash.com/photo-1590490360182-c33d57733427?w=800&q=80&fit=crop
10	2	301	FamilySuite	4	510.00	665.00	Available	Two-bedroom family suite with a private living area, kitchenette, and partial ocean view.	3	https://images.unsplash.com/photo-1591088398332-8a7791972843?w=800&q=80&fit=crop
11	3	101	StandardDouble	2	140.00	195.00	Available	Comfortable standard room with ocean-inspired interior design and a private balcony.	1	https://images.unsplash.com/photo-1631049307264-da0ec9d70304?w=800&q=80&fit=crop
12	3	102	StandardDouble	2	165.00	225.00	Available	Ocean-view standard room with king bed, rainfall shower, and in-room espresso machine.	1	https://images.unsplash.com/photo-1631049307264-da0ec9d70304?w=800&q=80&fit=crop
13	3	201	DeluxeKing	2	285.00	385.00	Available	Spacious deluxe room with premium amenities, panoramic sea views, and a deep-soak bathtub.	2	https://images.unsplash.com/photo-1590490360182-c33d57733427?w=800&q=80&fit=crop
14	3	202	DeluxeKing	2	325.00	430.00	Cleaning	Deluxe sunset-facing room with lounge area, minibar, and a private soaking tub.	2	https://images.unsplash.com/photo-1590490360182-c33d57733427?w=800&q=80&fit=crop
15	3	301	FamilySuite	4	510.00	665.00	Available	Two-bedroom family suite with a private living area, kitchenette, and partial ocean view.	3	https://images.unsplash.com/photo-1591088398332-8a7791972843?w=800&q=80&fit=crop
16	4	101	StandardDouble	2	140.00	195.00	Available	Comfortable standard room with ocean-inspired interior design and a private balcony.	1	https://images.unsplash.com/photo-1631049307264-da0ec9d70304?w=800&q=80&fit=crop
17	4	102	StandardDouble	2	165.00	225.00	Available	Ocean-view standard room with king bed, rainfall shower, and in-room espresso machine.	1	https://images.unsplash.com/photo-1631049307264-da0ec9d70304?w=800&q=80&fit=crop
18	4	201	DeluxeKing	2	285.00	385.00	Available	Spacious deluxe room with premium amenities, panoramic sea views, and a deep-soak bathtub.	2	https://images.unsplash.com/photo-1590490360182-c33d57733427?w=800&q=80&fit=crop
19	4	202	DeluxeKing	2	325.00	430.00	Cleaning	Deluxe sunset-facing room with lounge area, minibar, and a private soaking tub.	2	https://images.unsplash.com/photo-1590490360182-c33d57733427?w=800&q=80&fit=crop
20	4	301	FamilySuite	4	510.00	665.00	Available	Two-bedroom family suite with a private living area, kitchenette, and partial ocean view.	3	https://images.unsplash.com/photo-1591088398332-8a7791972843?w=800&q=80&fit=crop
21	5	101	StandardDouble	2	140.00	195.00	Available	Comfortable standard room with ocean-inspired interior design and a private balcony.	1	https://images.unsplash.com/photo-1631049307264-da0ec9d70304?w=800&q=80&fit=crop
22	5	102	StandardDouble	2	165.00	225.00	Available	Ocean-view standard room with king bed, rainfall shower, and in-room espresso machine.	1	https://images.unsplash.com/photo-1631049307264-da0ec9d70304?w=800&q=80&fit=crop
23	5	201	DeluxeKing	2	285.00	385.00	Available	Spacious deluxe room with premium amenities, panoramic sea views, and a deep-soak bathtub.	2	https://images.unsplash.com/photo-1590490360182-c33d57733427?w=800&q=80&fit=crop
24	5	202	DeluxeKing	2	325.00	430.00	Cleaning	Deluxe sunset-facing room with lounge area, minibar, and a private soaking tub.	2	https://images.unsplash.com/photo-1590490360182-c33d57733427?w=800&q=80&fit=crop
25	5	301	FamilySuite	4	510.00	665.00	Available	Two-bedroom family suite with a private living area, kitchenette, and partial ocean view.	3	https://images.unsplash.com/photo-1591088398332-8a7791972843?w=800&q=80&fit=crop
26	6	101	BeachVilla	2	660.00	910.00	Available	Beach villa with private terrace, butler service, and direct beach access.	1	https://images.unsplash.com/photo-1618773928121-c32242e63f39?w=800&q=80&fit=crop
27	6	102	BeachVilla	2	730.00	990.00	Available	Luxury beach villa with private plunge pool, espresso bar, and direct lagoon access.	1	https://images.unsplash.com/photo-1618773928121-c32242e63f39?w=800&q=80&fit=crop
28	6	201	WaterVilla	2	960.00	1370.00	Available	Water villa with floor-to-ceiling windows, private sundeck, and panoramic lagoon views.	2	https://images.unsplash.com/photo-1631049552057-403cdb8f0658?w=800&q=80&fit=crop
29	6	301	OverwaterBungalow	2	1250.00	1750.00	Available	Overwater bungalow with infinity pool terrace, glass floor panels, and direct ocean access.	3	https://images.unsplash.com/photo-1611892440504-42a792e24d32?w=800&q=80&fit=crop
30	6	401	HoneymoonVilla	2	1650.00	2250.00	Available	Honeymoon villa with dedicated concierge, rose-petal turndown service, and an outdoor soaking tub.	4	https://images.unsplash.com/photo-1560347876-aeef00ee58a1?w=800&q=80&fit=crop
31	6	501	PresidentialVilla	6	3600.00	5200.00	Available	Presidential villa spanning the entire private island tip, with personal chef, infinity pool, and 360° ocean panorama.	5	https://images.unsplash.com/photo-1584132967334-10e028bd69f7?w=800&q=80&fit=crop
32	7	101	BeachVilla	2	660.00	910.00	Available	Beach villa with private terrace, butler service, and direct beach access.	1	https://images.unsplash.com/photo-1618773928121-c32242e63f39?w=800&q=80&fit=crop
33	7	102	BeachVilla	2	730.00	990.00	Available	Luxury beach villa with private plunge pool, espresso bar, and direct lagoon access.	1	https://images.unsplash.com/photo-1618773928121-c32242e63f39?w=800&q=80&fit=crop
34	7	201	WaterVilla	2	960.00	1370.00	Available	Water villa with floor-to-ceiling windows, private sundeck, and panoramic lagoon views.	2	https://images.unsplash.com/photo-1631049552057-403cdb8f0658?w=800&q=80&fit=crop
35	7	301	OverwaterBungalow	2	1250.00	1750.00	Available	Overwater bungalow with infinity pool terrace, glass floor panels, and direct ocean access.	3	https://images.unsplash.com/photo-1611892440504-42a792e24d32?w=800&q=80&fit=crop
36	7	401	HoneymoonVilla	2	1650.00	2250.00	Available	Honeymoon villa with dedicated concierge, rose-petal turndown service, and an outdoor soaking tub.	4	https://images.unsplash.com/photo-1560347876-aeef00ee58a1?w=800&q=80&fit=crop
37	7	501	PresidentialVilla	6	3600.00	5200.00	Available	Presidential villa spanning the entire private island tip, with personal chef, infinity pool, and 360° ocean panorama.	5	https://images.unsplash.com/photo-1584132967334-10e028bd69f7?w=800&q=80&fit=crop
\.


--
-- Data for Name: Users; Type: TABLE DATA; Schema: public; Owner: postgres
--

COPY public."Users" ("Id", "Email", "PasswordHash", "Role", "FailedLoginAttempts", "IsLocked", "LockedUntil", "LastPasswordChange", "CreatedAt", "UserType", "GuestUser_FirstName", "GuestUser_LastName", "Phone", "Address", "FirstName", "LastName", "EmployeeId", "Department", "IsActive", "CanManageMedia") FROM stdin;
2	ibrahim.fathimath@example.mv	$2a$12$s69LdUO0JFN9yB6lsWUKR.HL2GtGRb71hDYNUQmvWzu0l7Pn5DFNy	Guest	0	f	\N	2026-05-20 16:20:02.503003	2026-05-20 16:20:02.503003	Guest	Fathimath	Ibrahim	+960 7889941	K. Kaashidhoo, North Malé Atoll, Maldives	\N	\N	\N	\N	t	f
5	staff@grandplaza.com	$2a$12$MEQTubuVkAm6dleggAFIN.RvXwiTi/QhvIiadPjHZnkhwg1eYiBtG	FrontDeskStaff	0	f	\N	2026-05-20 16:20:01.935505	2026-05-20 16:20:01.935505	Staff	\N	\N	\N	\N	Mohamed	Shifan	EMP003	Front Desk	t	f
3	admin@grandplaza.com	$2a$12$w0pQjLsypKpxTGTsr1uTL.c/6daNSafHZRbELgxzWAut2.KhQ.BD6	Admin	0	f	\N	2026-05-20 16:20:01.35396	2026-05-20 16:20:01.353973	Staff	\N	\N	\N	\N	Admin	User	EMP001	Administration	t	f
4	manager@grandplaza.com	$2a$12$itvBfRSczF0y66.2.Jna8uUxzifnLhoUr7rIHTVv0B1e1GBGJ8LD.	HotelManager	0	f	\N	2026-05-20 16:20:01.653284	2026-05-20 16:20:01.653284	Staff	\N	\N	\N	\N	Aishath	Latheef	EMP002	Hotel Operations	t	f
1	guest@example.com	$2a$12$bSXdaF2S8ZULCMoM0Tof4ud2SkpdUA0XgGeHbxOYAbaUIURz23BJ2	Guest	0	f	\N	2026-05-20 16:20:02.217702	2026-05-20 16:20:02.217702	Guest	Grace	Taylor	+960 7778899	M. Blue Reef, Male, Maldives	\N	\N	\N	\N	t	f
\.


--
-- Data for Name: __EFMigrationsHistory; Type: TABLE DATA; Schema: public; Owner: postgres
--

COPY public."__EFMigrationsHistory" ("MigrationId", "ProductVersion") FROM stdin;
20260426231522_InitialSchema	10.0.7
20260427140049_CheckModelSync	10.0.7
20260512114449_AddBookingGuestCount	10.0.7
20260514034904_AddPasswordResetTokens	10.0.7
20260514035259_AddUserIsActive	10.0.7
20260515203924_AddImageUrlsAndCanManageMedia	10.0.7
\.


--
-- Name: AncillaryServices_Id_seq; Type: SEQUENCE SET; Schema: public; Owner: postgres
--

SELECT pg_catalog.setval('public."AncillaryServices_Id_seq"', 6, true);


--
-- Name: AuditLogs_Id_seq; Type: SEQUENCE SET; Schema: public; Owner: postgres
--

SELECT pg_catalog.setval('public."AuditLogs_Id_seq"', 3, true);


--
-- Name: BookingServices_Id_seq; Type: SEQUENCE SET; Schema: public; Owner: postgres
--

SELECT pg_catalog.setval('public."BookingServices_Id_seq"', 6, true);


--
-- Name: Bookings_Id_seq; Type: SEQUENCE SET; Schema: public; Owner: postgres
--

SELECT pg_catalog.setval('public."Bookings_Id_seq"', 6, true);


--
-- Name: Hotels_Id_seq; Type: SEQUENCE SET; Schema: public; Owner: postgres
--

SELECT pg_catalog.setval('public."Hotels_Id_seq"', 7, true);


--
-- Name: InvoiceLineItems_Id_seq; Type: SEQUENCE SET; Schema: public; Owner: postgres
--

SELECT pg_catalog.setval('public."InvoiceLineItems_Id_seq"', 1, false);


--
-- Name: Invoices_Id_seq; Type: SEQUENCE SET; Schema: public; Owner: postgres
--

SELECT pg_catalog.setval('public."Invoices_Id_seq"', 1, false);


--
-- Name: PasswordResetTokens_Id_seq; Type: SEQUENCE SET; Schema: public; Owner: postgres
--

SELECT pg_catalog.setval('public."PasswordResetTokens_Id_seq"', 1, false);


--
-- Name: Payments_Id_seq; Type: SEQUENCE SET; Schema: public; Owner: postgres
--

SELECT pg_catalog.setval('public."Payments_Id_seq"', 1, false);


--
-- Name: Rooms_Id_seq; Type: SEQUENCE SET; Schema: public; Owner: postgres
--

SELECT pg_catalog.setval('public."Rooms_Id_seq"', 37, true);


--
-- Name: Users_Id_seq; Type: SEQUENCE SET; Schema: public; Owner: postgres
--

SELECT pg_catalog.setval('public."Users_Id_seq"', 5, true);


--
-- Name: AncillaryServices PK_AncillaryServices; Type: CONSTRAINT; Schema: public; Owner: postgres
--

ALTER TABLE ONLY public."AncillaryServices"
    ADD CONSTRAINT "PK_AncillaryServices" PRIMARY KEY ("Id");


--
-- Name: AuditLogs PK_AuditLogs; Type: CONSTRAINT; Schema: public; Owner: postgres
--

ALTER TABLE ONLY public."AuditLogs"
    ADD CONSTRAINT "PK_AuditLogs" PRIMARY KEY ("Id");


--
-- Name: BookingRooms PK_BookingRooms; Type: CONSTRAINT; Schema: public; Owner: postgres
--

ALTER TABLE ONLY public."BookingRooms"
    ADD CONSTRAINT "PK_BookingRooms" PRIMARY KEY ("BookingId", "RoomId");


--
-- Name: BookingServices PK_BookingServices; Type: CONSTRAINT; Schema: public; Owner: postgres
--

ALTER TABLE ONLY public."BookingServices"
    ADD CONSTRAINT "PK_BookingServices" PRIMARY KEY ("Id");


--
-- Name: Bookings PK_Bookings; Type: CONSTRAINT; Schema: public; Owner: postgres
--

ALTER TABLE ONLY public."Bookings"
    ADD CONSTRAINT "PK_Bookings" PRIMARY KEY ("Id");


--
-- Name: Hotels PK_Hotels; Type: CONSTRAINT; Schema: public; Owner: postgres
--

ALTER TABLE ONLY public."Hotels"
    ADD CONSTRAINT "PK_Hotels" PRIMARY KEY ("Id");


--
-- Name: InvoiceLineItems PK_InvoiceLineItems; Type: CONSTRAINT; Schema: public; Owner: postgres
--

ALTER TABLE ONLY public."InvoiceLineItems"
    ADD CONSTRAINT "PK_InvoiceLineItems" PRIMARY KEY ("Id");


--
-- Name: Invoices PK_Invoices; Type: CONSTRAINT; Schema: public; Owner: postgres
--

ALTER TABLE ONLY public."Invoices"
    ADD CONSTRAINT "PK_Invoices" PRIMARY KEY ("Id");


--
-- Name: PasswordResetTokens PK_PasswordResetTokens; Type: CONSTRAINT; Schema: public; Owner: postgres
--

ALTER TABLE ONLY public."PasswordResetTokens"
    ADD CONSTRAINT "PK_PasswordResetTokens" PRIMARY KEY ("Id");


--
-- Name: Payments PK_Payments; Type: CONSTRAINT; Schema: public; Owner: postgres
--

ALTER TABLE ONLY public."Payments"
    ADD CONSTRAINT "PK_Payments" PRIMARY KEY ("Id");


--
-- Name: Rooms PK_Rooms; Type: CONSTRAINT; Schema: public; Owner: postgres
--

ALTER TABLE ONLY public."Rooms"
    ADD CONSTRAINT "PK_Rooms" PRIMARY KEY ("Id");


--
-- Name: Users PK_Users; Type: CONSTRAINT; Schema: public; Owner: postgres
--

ALTER TABLE ONLY public."Users"
    ADD CONSTRAINT "PK_Users" PRIMARY KEY ("Id");


--
-- Name: __EFMigrationsHistory PK___EFMigrationsHistory; Type: CONSTRAINT; Schema: public; Owner: postgres
--

ALTER TABLE ONLY public."__EFMigrationsHistory"
    ADD CONSTRAINT "PK___EFMigrationsHistory" PRIMARY KEY ("MigrationId");


--
-- Name: IX_AuditLogs_Timestamp; Type: INDEX; Schema: public; Owner: postgres
--

CREATE INDEX "IX_AuditLogs_Timestamp" ON public."AuditLogs" USING btree ("Timestamp");


--
-- Name: IX_AuditLogs_UserId; Type: INDEX; Schema: public; Owner: postgres
--

CREATE INDEX "IX_AuditLogs_UserId" ON public."AuditLogs" USING btree ("UserId");


--
-- Name: IX_BookingRooms_RoomId; Type: INDEX; Schema: public; Owner: postgres
--

CREATE INDEX "IX_BookingRooms_RoomId" ON public."BookingRooms" USING btree ("RoomId");


--
-- Name: IX_BookingServices_BookingId; Type: INDEX; Schema: public; Owner: postgres
--

CREATE INDEX "IX_BookingServices_BookingId" ON public."BookingServices" USING btree ("BookingId");


--
-- Name: IX_BookingServices_ServiceId; Type: INDEX; Schema: public; Owner: postgres
--

CREATE INDEX "IX_BookingServices_ServiceId" ON public."BookingServices" USING btree ("ServiceId");


--
-- Name: IX_Bookings_CheckInDate; Type: INDEX; Schema: public; Owner: postgres
--

CREATE INDEX "IX_Bookings_CheckInDate" ON public."Bookings" USING btree ("CheckInDate");


--
-- Name: IX_Bookings_GuestId; Type: INDEX; Schema: public; Owner: postgres
--

CREATE INDEX "IX_Bookings_GuestId" ON public."Bookings" USING btree ("GuestId");


--
-- Name: IX_Bookings_HotelId; Type: INDEX; Schema: public; Owner: postgres
--

CREATE INDEX "IX_Bookings_HotelId" ON public."Bookings" USING btree ("HotelId");


--
-- Name: IX_Hotels_City; Type: INDEX; Schema: public; Owner: postgres
--

CREATE INDEX "IX_Hotels_City" ON public."Hotels" USING btree ("City");


--
-- Name: IX_InvoiceLineItems_InvoiceId; Type: INDEX; Schema: public; Owner: postgres
--

CREATE INDEX "IX_InvoiceLineItems_InvoiceId" ON public."InvoiceLineItems" USING btree ("InvoiceId");


--
-- Name: IX_Invoices_BookingId; Type: INDEX; Schema: public; Owner: postgres
--

CREATE UNIQUE INDEX "IX_Invoices_BookingId" ON public."Invoices" USING btree ("BookingId");


--
-- Name: IX_Invoices_InvoiceNumber; Type: INDEX; Schema: public; Owner: postgres
--

CREATE UNIQUE INDEX "IX_Invoices_InvoiceNumber" ON public."Invoices" USING btree ("InvoiceNumber");


--
-- Name: IX_PasswordResetTokens_ExpiresAt; Type: INDEX; Schema: public; Owner: postgres
--

CREATE INDEX "IX_PasswordResetTokens_ExpiresAt" ON public."PasswordResetTokens" USING btree ("ExpiresAt");


--
-- Name: IX_PasswordResetTokens_UserId; Type: INDEX; Schema: public; Owner: postgres
--

CREATE INDEX "IX_PasswordResetTokens_UserId" ON public."PasswordResetTokens" USING btree ("UserId");


--
-- Name: IX_Payments_BookingId; Type: INDEX; Schema: public; Owner: postgres
--

CREATE INDEX "IX_Payments_BookingId" ON public."Payments" USING btree ("BookingId");


--
-- Name: IX_Rooms_HotelId_RoomNumber; Type: INDEX; Schema: public; Owner: postgres
--

CREATE UNIQUE INDEX "IX_Rooms_HotelId_RoomNumber" ON public."Rooms" USING btree ("HotelId", "RoomNumber");


--
-- Name: IX_Users_Email; Type: INDEX; Schema: public; Owner: postgres
--

CREATE UNIQUE INDEX "IX_Users_Email" ON public."Users" USING btree ("Email");


--
-- Name: AuditLogs FK_AuditLogs_Users_UserId; Type: FK CONSTRAINT; Schema: public; Owner: postgres
--

ALTER TABLE ONLY public."AuditLogs"
    ADD CONSTRAINT "FK_AuditLogs_Users_UserId" FOREIGN KEY ("UserId") REFERENCES public."Users"("Id") ON DELETE SET NULL;


--
-- Name: BookingRooms FK_BookingRooms_Bookings_BookingId; Type: FK CONSTRAINT; Schema: public; Owner: postgres
--

ALTER TABLE ONLY public."BookingRooms"
    ADD CONSTRAINT "FK_BookingRooms_Bookings_BookingId" FOREIGN KEY ("BookingId") REFERENCES public."Bookings"("Id") ON DELETE CASCADE;


--
-- Name: BookingRooms FK_BookingRooms_Rooms_RoomId; Type: FK CONSTRAINT; Schema: public; Owner: postgres
--

ALTER TABLE ONLY public."BookingRooms"
    ADD CONSTRAINT "FK_BookingRooms_Rooms_RoomId" FOREIGN KEY ("RoomId") REFERENCES public."Rooms"("Id") ON DELETE RESTRICT;


--
-- Name: BookingServices FK_BookingServices_AncillaryServices_ServiceId; Type: FK CONSTRAINT; Schema: public; Owner: postgres
--

ALTER TABLE ONLY public."BookingServices"
    ADD CONSTRAINT "FK_BookingServices_AncillaryServices_ServiceId" FOREIGN KEY ("ServiceId") REFERENCES public."AncillaryServices"("Id") ON DELETE RESTRICT;


--
-- Name: BookingServices FK_BookingServices_Bookings_BookingId; Type: FK CONSTRAINT; Schema: public; Owner: postgres
--

ALTER TABLE ONLY public."BookingServices"
    ADD CONSTRAINT "FK_BookingServices_Bookings_BookingId" FOREIGN KEY ("BookingId") REFERENCES public."Bookings"("Id") ON DELETE CASCADE;


--
-- Name: Bookings FK_Bookings_Hotels_HotelId; Type: FK CONSTRAINT; Schema: public; Owner: postgres
--

ALTER TABLE ONLY public."Bookings"
    ADD CONSTRAINT "FK_Bookings_Hotels_HotelId" FOREIGN KEY ("HotelId") REFERENCES public."Hotels"("Id") ON DELETE RESTRICT;


--
-- Name: Bookings FK_Bookings_Users_GuestId; Type: FK CONSTRAINT; Schema: public; Owner: postgres
--

ALTER TABLE ONLY public."Bookings"
    ADD CONSTRAINT "FK_Bookings_Users_GuestId" FOREIGN KEY ("GuestId") REFERENCES public."Users"("Id") ON DELETE RESTRICT;


--
-- Name: InvoiceLineItems FK_InvoiceLineItems_Invoices_InvoiceId; Type: FK CONSTRAINT; Schema: public; Owner: postgres
--

ALTER TABLE ONLY public."InvoiceLineItems"
    ADD CONSTRAINT "FK_InvoiceLineItems_Invoices_InvoiceId" FOREIGN KEY ("InvoiceId") REFERENCES public."Invoices"("Id") ON DELETE CASCADE;


--
-- Name: Invoices FK_Invoices_Bookings_BookingId; Type: FK CONSTRAINT; Schema: public; Owner: postgres
--

ALTER TABLE ONLY public."Invoices"
    ADD CONSTRAINT "FK_Invoices_Bookings_BookingId" FOREIGN KEY ("BookingId") REFERENCES public."Bookings"("Id") ON DELETE CASCADE;


--
-- Name: PasswordResetTokens FK_PasswordResetTokens_Users_UserId; Type: FK CONSTRAINT; Schema: public; Owner: postgres
--

ALTER TABLE ONLY public."PasswordResetTokens"
    ADD CONSTRAINT "FK_PasswordResetTokens_Users_UserId" FOREIGN KEY ("UserId") REFERENCES public."Users"("Id") ON DELETE CASCADE;


--
-- Name: Payments FK_Payments_Bookings_BookingId; Type: FK CONSTRAINT; Schema: public; Owner: postgres
--

ALTER TABLE ONLY public."Payments"
    ADD CONSTRAINT "FK_Payments_Bookings_BookingId" FOREIGN KEY ("BookingId") REFERENCES public."Bookings"("Id") ON DELETE CASCADE;


--
-- Name: Rooms FK_Rooms_Hotels_HotelId; Type: FK CONSTRAINT; Schema: public; Owner: postgres
--

ALTER TABLE ONLY public."Rooms"
    ADD CONSTRAINT "FK_Rooms_Hotels_HotelId" FOREIGN KEY ("HotelId") REFERENCES public."Hotels"("Id") ON DELETE RESTRICT;


--
-- PostgreSQL database dump complete
--

